user_id,first_name,last_name,email,password_hash,created_at,updated_at
1,John,Doe,john.doe1@example.com,hashedpassword1,2025-02-12 17:01:39.410125,2025-02-12 17:01:39.410125
2,Jane,Smith,jane.smith2@example.com,hashedpassword2,2025-02-12 17:01:39.410125,2025-02-12 17:01:39.410125
3,Alice,Johnson,alice.johnson3@example.com,hashedpassword3,2025-02-12 17:01:39.410125,2025-02-12 17:01:39.410125
4,Bob,Brown,bob.brown4@example.com,hashedpassword4,2025-02-12 17:01:39.410125,2025-02-12 17:01:39.410125
5,Charlie,Davis,charlie.davis5@example.com,hashedpassword5,2025-02-12 17:01:39.410125,2025-02-12 17:01:39.410125
6,David,Martinez,david.martinez6@example.com,hashedpassword6,2025-02-12 17:01:39.410125,2025-02-12 17:01:39.410125
7,Eve,Taylor,eve.taylor7@example.com,hashedpassword7,2025-02-12 17:01:39.410125,2025-02-12 17:01:39.410125
8,Frank,Anderson,frank.anderson8@example.com,hashedpassword8,2025-02-12 17:01:39.410125,2025-02-12 17:01:39.410125
9,Grace,Thomas,grace.thomas9@example.com,hashedpassword9,2025-02-12 17:01:39.410125,2025-02-12 17:01:39.410125
10,Hank,Moore,hank.moore10@example.com,hashedpassword10,2025-02-12 17:01:39.410125,2025-02-12 17:01:39.410125
11,Ivy,Jackson,ivy.jackson11@example.com,hashedpassword11,2025-02-12 17:01:39.410125,2025-02-12 17:01:39.410125
12,Jack,White,jack.white12@example.com,hashedpassword12,2025-02-12 17:01:39.410125,2025-02-12 17:01:39.410125
13,Kara,Harris,kara.harris13@example.com,hashedpassword13,2025-02-12 17:01:39.410125,2025-02-12 17:01:39.410125
14,Liam,Martin,liam.martin14@example.com,hashedpassword14,2025-02-12 17:01:39.410125,2025-02-12 17:01:39.410125
15,Mona,Garcia,mona.garcia15@example.com,hashedpassword15,2025-02-12 17:01:39.410125,2025-02-12 17:01:39.410125
16,Nate,Martinez,nate.martinez16@example.com,hashedpassword16,2025-02-12 17:01:39.410125,2025-02-12 17:01:39.410125
17,Olivia,Rodriguez,olivia.rodriguez17@example.com,hashedpassword17,2025-02-12 17:01:39.410125,2025-02-12 17:01:39.410125
18,Paul,Wilson,paul.wilson18@example.com,hashedpassword18,2025-02-12 17:01:39.410125,2025-02-12 17:01:39.410125
19,Quinn,Lee,quinn.lee19@example.com,hashedpassword19,2025-02-12 17:01:39.410125,2025-02-12 17:01:39.410125
20,Rita,Perez,rita.perez20@example.com,hashedpassword20,2025-02-12 17:01:39.410125,2025-02-12 17:01:39.410125
21,Steve,Evans,steve.evans21@example.com,hashedpassword21,2025-02-12 17:01:39.410125,2025-02-12 17:01:39.410125
22,Tina,Taylor,tina.taylor22@example.com,hashedpassword22,2025-02-12 17:01:39.410125,2025-02-12 17:01:39.410125
23,Ursula,Clark,ursula.clark23@example.com,hashedpassword23,2025-02-12 17:01:39.410125,2025-02-12 17:01:39.410125
24,Victor,Lewis,victor.lewis24@example.com,hashedpassword24,2025-02-12 17:01:39.410125,2025-02-12 17:01:39.410125
25,Wendy,Walker,wendy.walker25@example.com,hashedpassword25,2025-02-12 17:01:39.410125,2025-02-12 17:01:39.410125
26,Xander,Hall,xander.hall26@example.com,hashedpassword26,2025-02-12 17:01:39.410125,2025-02-12 17:01:39.410125
27,Yara,Young,yara.young27@example.com,hashedpassword27,2025-02-12 17:01:39.410125,2025-02-12 17:01:39.410125
28,Zane,King,zane.king28@example.com,hashedpassword28,2025-02-12 17:01:39.410125,2025-02-12 17:01:39.410125
29,Adam,Scott,adam.scott29@example.com,hashedpassword29,2025-02-12 17:01:39.410125,2025-02-12 17:01:39.410125
30,Bella,Green,bella.green30@example.com,hashedpassword30,2025-02-12 17:01:39.410125,2025-02-12 17:01:39.410125
31,Carter,Adams,carter.adams31@example.com,hashedpassword31,2025-02-12 17:01:39.410125,2025-02-12 17:01:39.410125
32,Diana,Baker,diana.baker32@example.com,hashedpassword32,2025-02-12 17:01:39.410125,2025-02-12 17:01:39.410125
33,Ethan,Nelson,ethan.nelson33@example.com,hashedpassword33,2025-02-12 17:01:39.410125,2025-02-12 17:01:39.410125
34,Fiona,Carter,fiona.carter34@example.com,hashedpassword34,2025-02-12 17:01:39.410125,2025-02-12 17:01:39.410125
35,George,Mitchell,george.mitchell35@example.com,hashedpassword35,2025-02-12 17:01:39.410125,2025-02-12 17:01:39.410125
36,Holly,Perez,holly.perez36@example.com,hashedpassword36,2025-02-12 17:01:39.410125,2025-02-12 17:01:39.410125
37,Ian,Roberts,ian.roberts37@example.com,hashedpassword37,2025-02-12 17:01:39.410125,2025-02-12 17:01:39.410125
38,Julia,Evans,julia.evans38@example.com,hashedpassword38,2025-02-12 17:01:39.410125,2025-02-12 17:01:39.410125
39,Kyle,Gonzalez,kyle.gonzalez39@example.com,hashedpassword39,2025-02-12 17:01:39.410125,2025-02-12 17:01:39.410125
40,Lily,Patterson,lily.patterson40@example.com,hashedpassword40,2025-02-12 17:01:39.410125,2025-02-12 17:01:39.410125
41,Mason,Hughes,mason.hughes41@example.com,hashedpassword41,2025-02-12 17:01:39.410125,2025-02-12 17:01:39.410125
42,Nina,Ross,nina.ross42@example.com,hashedpassword42,2025-02-12 17:01:39.410125,2025-02-12 17:01:39.410125
43,Oscar,Collins,oscar.collins43@example.com,hashedpassword43,2025-02-12 17:01:39.410125,2025-02-12 17:01:39.410125
44,Penny,Simmons,penny.simmons44@example.com,hashedpassword44,2025-02-12 17:01:39.410125,2025-02-12 17:01:39.410125
45,Quincy,Foster,quincy.foster45@example.com,hashedpassword45,2025-02-12 17:01:39.410125,2025-02-12 17:01:39.410125
46,Rachel,Bennett,rachel.bennett46@example.com,hashedpassword46,2025-02-12 17:01:39.410125,2025-02-12 17:01:39.410125
47,Sam,Gomez,sam.gomez47@example.com,hashedpassword47,2025-02-12 17:01:39.410125,2025-02-12 17:01:39.410125
48,Tara,Price,tara.price48@example.com,hashedpassword48,2025-02-12 17:01:39.410125,2025-02-12 17:01:39.410125
49,Ursula,Cooper,ursula.cooper49@example.com,hashedpassword49,2025-02-12 17:01:39.410125,2025-02-12 17:01:39.410125
50,Victor,Russell,victor.russell50@example.com,hashedpassword50,2025-02-12 17:01:39.410125,2025-02-12 17:01:39.410125
51,Wendy,Cook,wendy.cook51@example.com,hashedpassword51,2025-02-12 17:01:39.410125,2025-02-12 17:01:39.410125
52,Xander,Nguyen,xander.nguyen52@example.com,hashedpassword52,2025-02-12 17:01:39.410125,2025-02-12 17:01:39.410125
53,Yara,Parker,yara.parker53@example.com,hashedpassword53,2025-02-12 17:01:39.410125,2025-02-12 17:01:39.410125
54,Zane,Nelson,zane.nelson54@example.com,hashedpassword54,2025-02-12 17:01:39.410125,2025-02-12 17:01:39.410125
55,Amos,Perry,amos.perry55@example.com,hashedpassword55,2025-02-12 17:01:39.410125,2025-02-12 17:01:39.410125
56,Bella,Lee,bella.lee56@example.com,hashedpassword56,2025-02-12 17:01:39.410125,2025-02-12 17:01:39.410125
57,Cameron,Kim,cameron.kim57@example.com,hashedpassword57,2025-02-12 17:01:39.410125,2025-02-12 17:01:39.410125
58,Diana,Lopez,diana.lopez58@example.com,hashedpassword58,2025-02-12 17:01:39.410125,2025-02-12 17:01:39.410125
59,Elena,Morris,elena.morris59@example.com,hashedpassword59,2025-02-12 17:01:39.410125,2025-02-12 17:01:39.410125
60,Fletcher,Wood,fletcher.wood60@example.com,hashedpassword60,2025-02-12 17:01:39.410125,2025-02-12 17:01:39.410125
61,George,Howard,george.howard61@example.com,hashedpassword61,2025-02-12 17:01:39.410125,2025-02-12 17:01:39.410125
62,Harriet,Baker,harriet.baker62@example.com,hashedpassword62,2025-02-12 17:01:39.410125,2025-02-12 17:01:39.410125
63,Ivy,Cameron,ivy.cameron63@example.com,hashedpassword63,2025-02-12 17:01:39.410125,2025-02-12 17:01:39.410125
64,Jack,Turner,jack.turner64@example.com,hashedpassword64,2025-02-12 17:01:39.410125,2025-02-12 17:01:39.410125
65,Kaitlyn,Harris,kaitlyn.harris65@example.com,hashedpassword65,2025-02-12 17:01:39.410125,2025-02-12 17:01:39.410125
66,Liam,Murphy,liam.murphy66@example.com,hashedpassword66,2025-02-12 17:01:39.410125,2025-02-12 17:01:39.410125
67,Maggie,Bennett,maggie.bennett67@example.com,hashedpassword67,2025-02-12 17:01:39.410125,2025-02-12 17:01:39.410125
68,Nina,Cameron,nina.cameron68@example.com,hashedpassword68,2025-02-12 17:01:39.410125,2025-02-12 17:01:39.410125
69,Oliver,Sullivan,oliver.sullivan69@example.com,hashedpassword69,2025-02-12 17:01:39.410125,2025-02-12 17:01:39.410125
70,Paul,Jordan,paul.jordan70@example.com,hashedpassword70,2025-02-12 17:01:39.410125,2025-02-12 17:01:39.410125
71,Quinn,Grant,quinn.grant71@example.com,hashedpassword71,2025-02-12 17:01:39.410125,2025-02-12 17:01:39.410125
72,Riley,Nelson,riley.nelson72@example.com,hashedpassword72,2025-02-12 17:01:39.410125,2025-02-12 17:01:39.410125
73,Sophia,Baker,sophia.baker73@example.com,hashedpassword73,2025-02-12 17:01:39.410125,2025-02-12 17:01:39.410125
74,Thomas,Peterson,thomas.peterson74@example.com,hashedpassword74,2025-02-12 17:01:39.410125,2025-02-12 17:01:39.410125
75,Ursula,Martinez,ursula.martinez75@example.com,hashedpassword75,2025-02-12 17:01:39.410125,2025-02-12 17:01:39.410125
76,Victor,Henderson,victor.henderson76@example.com,hashedpassword76,2025-02-12 17:01:39.410125,2025-02-12 17:01:39.410125
77,Will,Reed,will.reed77@example.com,hashedpassword77,2025-02-12 17:01:39.410125,2025-02-12 17:01:39.410125
78,Xander,Baker,xander.baker78@example.com,hashedpassword78,2025-02-12 17:01:39.410125,2025-02-12 17:01:39.410125
79,Yara,Roberts,yara.roberts79@example.com,hashedpassword79,2025-02-12 17:01:39.410125,2025-02-12 17:01:39.410125
80,Zane,Collins,zane.collins80@example.com,hashedpassword80,2025-02-12 17:01:39.410125,2025-02-12 17:01:39.410125
81,Amos,Gonzalez,amos.gonzalez81@example.com,hashedpassword81,2025-02-12 17:01:39.410125,2025-02-12 17:01:39.410125
82,Brianna,Roberts,brianna.roberts82@example.com,hashedpassword82,2025-02-12 17:01:39.410125,2025-02-12 17:01:39.410125
83,Cameron,Lewis,cameron.lewis83@example.com,hashedpassword83,2025-02-12 17:01:39.410125,2025-02-12 17:01:39.410125
84,Diana,Walker,diana.walker84@example.com,hashedpassword84,2025-02-12 17:01:39.410125,2025-02-12 17:01:39.410125
85,Ella,Martinez,ella.martinez85@example.com,hashedpassword85,2025-02-12 17:01:39.410125,2025-02-12 17:01:39.410125
86,Fletcher,Morris,fletcher.morris86@example.com,hashedpassword86,2025-02-12 17:01:39.410125,2025-02-12 17:01:39.410125
87,Gina,Miller,gina.miller87@example.com,hashedpassword87,2025-02-12 17:01:39.410125,2025-02-12 17:01:39.410125
88,Holly,Thomas,holly.thomas88@example.com,hashedpassword88,2025-02-12 17:01:39.410125,2025-02-12 17:01:39.410125
89,Isaac,Gonzalez,isaac.gonzalez89@example.com,hashedpassword89,2025-02-12 17:01:39.410125,2025-02-12 17:01:39.410125
90,Jack,Taylor,jack.taylor90@example.com,hashedpassword90,2025-02-12 17:01:39.410125,2025-02-12 17:01:39.410125
91,Katie,Young,katie.young91@example.com,hashedpassword91,2025-02-12 17:01:39.410125,2025-02-12 17:01:39.410125
92,Lucas,King,lucas.king92@example.com,hashedpassword92,2025-02-12 17:01:39.410125,2025-02-12 17:01:39.410125
93,Maggie,Evans,maggie.evans93@example.com,hashedpassword93,2025-02-12 17:01:39.410125,2025-02-12 17:01:39.410125
94,Nora,Morris,nora.morris94@example.com,hashedpassword94,2025-02-12 17:01:39.410125,2025-02-12 17:01:39.410125
95,Owen,Taylor,owen.taylor95@example.com,hashedpassword95,2025-02-12 17:01:39.410125,2025-02-12 17:01:39.410125
96,Penny,Young,penny.young96@example.com,hashedpassword96,2025-02-12 17:01:39.410125,2025-02-12 17:01:39.410125
97,Quinn,Scott,quinn.scott97@example.com,hashedpassword97,2025-02-12 17:01:39.410125,2025-02-12 17:01:39.410125
98,Rachel,Adams,rachel.adams98@example.com,hashedpassword98,2025-02-12 17:01:39.410125,2025-02-12 17:01:39.410125
99,Sam,Walker,sam.walker99@example.com,hashedpassword99,2025-02-12 17:01:39.410125,2025-02-12 17:01:39.410125
100,Tina,Miller,tina.miller100@example.com,hashedpassword100,2025-02-12 17:01:39.410125,2025-02-12 17:01:39.410125
101,Ursula,Reed,ursula.reed101@example.com,hashedpassword101,2025-02-12 17:01:39.410125,2025-02-12 17:01:39.410125
102,Victor,Cameron,victor.cameron102@example.com,hashedpassword102,2025-02-12 17:01:39.410125,2025-02-12 17:01:39.410125
103,Wendy,Davis,wendy.davis103@example.com,hashedpassword103,2025-02-12 17:01:39.410125,2025-02-12 17:01:39.410125
104,Xander,Sullivan,xander.sullivan104@example.com,hashedpassword104,2025-02-12 17:01:39.410125,2025-02-12 17:01:39.410125
105,Yara,Williams,yara.williams105@example.com,hashedpassword105,2025-02-12 17:01:39.410125,2025-02-12 17:01:39.410125
106,Zane,Smith,zane.smith106@example.com,hashedpassword106,2025-02-12 17:01:39.410125,2025-02-12 17:01:39.410125
107,Amos,Gonzalez,amos.gonzalez107@example.com,hashedpassword107,2025-02-12 17:01:39.410125,2025-02-12 17:01:39.410125
108,Brianna,Baker,brianna.baker108@example.com,hashedpassword108,2025-02-12 17:01:39.410125,2025-02-12 17:01:39.410125
109,Carter,Davis,carter.davis109@example.com,hashedpassword109,2025-02-12 17:01:39.410125,2025-02-12 17:01:39.410125
110,Diana,Garcia,diana.garcia110@example.com,hashedpassword110,2025-02-12 17:01:39.410125,2025-02-12 17:01:39.410125
111,Ellie,White,ellie.white111@example.com,hashedpassword111,2025-02-12 17:01:39.410125,2025-02-12 17:01:39.410125
112,Frank,Lewis,frank.lewis112@example.com,hashedpassword112,2025-02-12 17:01:39.410125,2025-02-12 17:01:39.410125
113,Georgia,Walker,georgia.walker113@example.com,hashedpassword113,2025-02-12 17:01:39.410125,2025-02-12 17:01:39.410125
114,Howard,Young,howard.young114@example.com,hashedpassword114,2025-02-12 17:01:39.410125,2025-02-12 17:01:39.410125
115,Isla,Bennett,isla.bennett115@example.com,hashedpassword115,2025-02-12 17:01:39.410125,2025-02-12 17:01:39.410125
116,Jack,Morris,jack.morris116@example.com,hashedpassword116,2025-02-12 17:01:39.410125,2025-02-12 17:01:39.410125
117,Kylie,King,kylie.king117@example.com,hashedpassword117,2025-02-12 17:01:39.410125,2025-02-12 17:01:39.410125
118,Lily,Baker,lily.baker118@example.com,hashedpassword118,2025-02-12 17:01:39.410125,2025-02-12 17:01:39.410125
119,Mason,Walker,mason.walker119@example.com,hashedpassword119,2025-02-12 17:01:39.410125,2025-02-12 17:01:39.410125
120,Nina,Young,nina.young120@example.com,hashedpassword120,2025-02-12 17:01:39.410125,2025-02-12 17:01:39.410125
121,Oliver,Nelson,oliver.nelson121@example.com,hashedpassword121,2025-02-12 17:01:39.410125,2025-02-12 17:01:39.410125
122,Penny,Evans,penny.evans122@example.com,hashedpassword122,2025-02-12 17:01:39.410125,2025-02-12 17:01:39.410125
